Demon Slayer The Movie: Mugen Train,tt11032374,0.9476134386111111
Demon Slayer - Kimetsu No Yaiba - The Movie: Mugen Train,tt11032374,0.9465116663888888
DEMON SLAYER THE MOVIE: MUGEN TRAIN,tt11032374,0.9476134386111111
Tom & Jerry,tt1361336,0.954975981234568,tt0105616,0.9528125500375,tt0487176,0.93902476,tt4006794,0.93902476,tt0303151,0.93902476,tt0808508,0.93902476,tt4692656,0.93902476,tt0433696,0.93902476,tt1114698,0.93902476,tt1722638,0.93902476,tt5737408,0.93902476,tt6803390,0.93902476,tt2027255,0.93902476,tt2421304,0.93902476,tt0198254,0.93801993375,tt12158994,0.919562745,tt2427892,0.8748229100000001,tt5057054,0.8407481000000001,tt6422744,0.8363228,tt0356134,0.75479
Tom y Jerry,tt1361336,0.9091276,tt0495168,0.90889772,tt0105616,0.9079492775000001,tt0487176,0.9079492775000001,tt0303151,0.9079492775000001,tt2027255,0.9079492775000001,tt0808508,0.9079492775000001,tt4006794,0.8569742000000001,tt0433696,0.8569742000000001,tt3108584,0.8569742000000001,tt5737408,0.8569742000000001,tt1114698,0.8569742000000001,tt6803390,0.8569742000000001,tt4692656,0.8569742000000001,tt1722638,0.8569742000000001,tt0130417,0.8407481000000001,tt0282315,0.8407481000000001,tt2964542,0.8407481000000001
Tom & Jerry The Movie,tt0105616,0.9546096654777778,tt1361336,0.939998475,tt8666700,0.927412496,tt1644237,0.9118553475,tt14183062,0.897141225,tt13649458,0.8798095111111112,tt2427892,0.8748229100000001,tt0924160,0.87448094,tt6536236,0.8672147066666667,tt5057054,0.8407481000000001,tt14323100,0.838414,tt2265647,0.794903,tt0303151,0.7912928100000002,tt14323864,0.7675295,tt1722638,0.6330342480000002,tt8667642,0.62282,tt12967224,0.5707296,tt8667394,0.49825600000000003
Maya the Bee 3: The Golden Orb,tt11792512,0.9541879210262346
MAIJA MEHILÄINEN JA KULTAINEN AARRE,tt11792512,0.9034871
Peter Rabbit 2: The Runaway,tt8376234,0.9584666402378472
Peter Rabbit 2: A la fuga,tt8376234,0.9469217358333333
Pelle Kanin 2: På rymmen,tt8376234,0.9205412222222223
Peter Rabbit: Coelho à Solta,tt8376234,0.9513560702777778
Peter Hase 2 - Ein Hase macht sich vom Acker,tt8376234,0.9469217358333333
Minions: El origen de Gru,tt5113044,0.9457620722222222
KÄTYRIT: GRUN TARINA,tt5113044,0.8872610000000001
Minions: The Rise of Gru,tt5113044,0.9477197666666667,tt10397790,0.9010133625000001,tt12552158,0.887284875
BLACK WIDOW,tt0090738,0.944539133,tt3480822,0.9285631599999999,tt1046894,0.9283690400000001,tt0046791,0.9283690400000001,tt0479863,0.9283690400000001,tt0075900,0.9283690400000001,tt0167141,0.9283690400000001,tt5771256,0.9283690400000001,tt0039193,0.9283690400000001,tt0106423,0.9283690400000001,tt0043344,0.9283690400000001,tt0211247,0.9283690400000001,tt3482378,0.9283690400000001,tt0076889,0.9283690400000001,tt3986932,0.9283690400000001,tt9678928,0.8894264000000001,tt1199588,0.8894264000000001,tt2044076,0.8894264000000001,tt0439878,0.8569742000000001
Black Widow,tt0090738,0.944539133,tt3480822,0.9285631599999999,tt1046894,0.9283690400000001,tt0046791,0.9283690400000001,tt0479863,0.9283690400000001,tt0075900,0.9283690400000001,tt0167141,0.9283690400000001,tt5771256,0.9283690400000001,tt0039193,0.9283690400000001,tt0106423,0.9283690400000001,tt0043344,0.9283690400000001,tt0211247,0.9283690400000001,tt3482378,0.9283690400000001,tt0076889,0.9283690400000001,tt3986932,0.9283690400000001,tt9678928,0.8894264000000001,tt1199588,0.8894264000000001,tt2044076,0.8894264000000001,tt0439878,0.8569742000000001
Viuda Negra,tt0103217,0.944539133,tt3275706,0.9152879,tt0749725,0.90889772,tt6691178,0.90889772,tt0090738,0.9079492775000001,tt3480822,0.8916863,tt7068564,0.8894264000000001,tt7688660,0.8717252,tt0076889,0.8569742000000001,tt7130110,0.8569742000000001,tt0075900,0.8569742000000001,tt1046894,0.8569742000000001,tt0439878,0.8569742000000001,tt0046791,0.8569742000000001,tt7615314,0.854024,tt8989058,0.837932
Marvel Black Widow,tt3482378,0.9034871,tt9815060,0.809771,tt10054328,0.809771,tt14294672,0.809771,tt14235040,0.809771,tt9896468,0.78161,tt13274092,0.78161,tt13272944,0.78161,tt7356794,0.78161,tt13944004,0.7682
FAST & FURIOUS 9,tt1013752,0.958376611989796,tt1706317,0.9327261686250001,tt1905041,0.9298191327083334,tt0031298,0.9126245430555556,tt6494060,0.8864702250000001,tt9198366,0.8807475,tt10799902,0.876003388888889,tt0232500,0.8560817645000001,tt0017866,0.8396722222222222,tt5433140,0.8396722222222222,tt12408634,0.8363228,tt5433138,0.7942824500000001,tt0247334,0.7517281695000002,tt6806448,0.7517281695000002,tt4106374,0.6833892450000001,tt10288282,0.6833892450000001,tt8322592,0.6833892450000001,tt2927002,0.6833892450000001,tt1408199,0.6833892450000001,tt2662758,0.5916790000000001
Fast and Furious 9,tt1013752,0.9512572634392857,tt1905041,0.9381028621722657,tt6494060,0.907116819234375,tt10799902,0.8996350659375001,tt0031298,0.8973257277777777,tt1706317,0.8820741538333334,tt5433140,0.8736653437499999,tt6806448,0.8367940022562501,tt0017866,0.8289111111111112,tt9198366,0.8207988888888889,tt0232500,0.812352425,tt8322592,0.8061763656875001,tt2927002,0.8061763656875001,tt1408199,0.8061763656875001,tt0247334,0.8019406775000001,tt12408634,0.78672,tt4106374,0.7744915250000001,tt2662758,0.7650877625000001,tt10288282,0.7193571000000001,tt5433138,0.6883800000000001
Fast & Furious 9,tt1013752,0.958376611989796,tt1706317,0.9327261686250001,tt1905041,0.9298191327083334,tt0031298,0.9126245430555556,tt6494060,0.8864702250000001,tt9198366,0.8807475,tt10799902,0.876003388888889,tt0232500,0.8560817645000001,tt0017866,0.8396722222222222,tt5433140,0.8396722222222222,tt12408634,0.8363228,tt5433138,0.7942824500000001,tt0247334,0.7517281695000002,tt6806448,0.7517281695000002,tt4106374,0.6833892450000001,tt10288282,0.6833892450000001,tt8322592,0.6833892450000001,tt2927002,0.6833892450000001,tt1408199,0.6833892450000001,tt2662758,0.5916790000000001
F9 - Fast & Furious 9,tt11723710,0.9587990256950001,tt5433138,0.9358949,tt11729466,0.9241803101,tt10496270,0.9211760500000001,tt0031298,0.9126245430555556,tt0247334,0.9084505808333334,tt0456345,0.8988554081890625,tt9730692,0.8980388333333333,tt9684538,0.8980388333333333,tt4106374,0.8864702250000001,tt13273216,0.8578833333333333,tt13268016,0.8578833333333333,tt12408634,0.8569727777777778,tt0017866,0.8396722222222222,tt7456742,0.802865688125,tt12044244,0.802865688125,tt1905041,0.7912928100000002,tt1013752,0.7912928100000002,tt6806448,0.7912928100000002,tt10319604,0.7884435125,tt12820470,0.7884435125,tt3084856,0.77533244375,tt6494060,0.7193571000000001,tt8322592,0.7193571000000001,tt2927002,0.7193571000000001,tt10799902,0.6851020000000001,tt2662758,0.62282,tt5433140,0.5661999999999999
Fast & Furious Presents: Hobbs & Shaw,tt6806448,0.9718598400728733,tt10061992,0.9394385055833333,tt10742236,0.9297925808333334,tt10765888,0.9297925808333334,tt12426558,0.9297925808333334,tt10750512,0.9251992833333333,tt10725678,0.9251992833333333,tt12930256,0.9210235583333333,tt11701294,0.9210235583333333,tt10741314,0.9210235583333333,tt1706317,0.8748229100000001,tt9198366,0.7682
Space Jam 2,tt0117705,0.9458334491527778,tt3554046,0.9284825333333333,tt5832032,0.9260925383333334,tt5804204,0.90889772,tt6057572,0.8735211862500001,tt6500874,0.8622919875,tt14238950,0.8622919875,tt5345854,0.8569742000000001,tt4945530,0.837932,tt0120174,0.7682
Space Jam: A New Legacy,tt3554046,0.9482410597222222
Doctor Strange: In the Multiverse of Madness,tt9419884,0.9416110861111111,tt12616980,0.9167682500000001,tt12082304,0.9010133625000001
Doctor Strange in the Multiverse of Madness,tt9419884,0.8971575555555555,tt12616980,0.86058,tt12082304,0.809771
The Matrix 4,tt10838180,0.9315346444444444,tt0133093,0.9029809790625001,tt0439783,0.8961422025000001,tt0234215,0.88609641375,tt0242653,0.8569742000000001,tt0295432,0.8569742000000001,tt9847360,0.8569742000000001,tt0410519,0.8569742000000001,tt0328832,0.8569742000000001,tt5319308,0.8560817645000001,tt13549048,0.826056,tt1830850,0.8245220000000001,tt5319604,0.7932760000000002,tt0391319,0.7932760000000002,tt0365467,0.7932760000000002,tt0371397,0.7932760000000002,tt5325366,0.7912928100000002,tt9052972,0.7802690000000001,tt9052950,0.75479,tt9052934,0.75479,tt11690626,0.75096,tt1830851,0.7211600000000001,tt0274085,0.7211600000000001,tt0224086,0.6346208000000002,tt0109151,0.6346208000000002,tt2121323,0.6346208000000002,tt0303678,0.6346208000000002,tt0211096,0.6346208000000002,tt0270841,0.6346208000000002,tt1595473,0.6346208000000002,tt1823684,0.6346208000000002,tt0372765,0.6346208000000002,tt10850870,0.600768,tt0116032,0.5769280000000001,tt1842414,0.3807724800000001,tt9642498,0.3786090000000001
The Matrix Resurrections,tt10838180,0.9137466,tt9397836,0.5507040000000001,tt3525520,0.4768,tt10927756,0.4768
No Time To Die,tt10839440,0.9995277600000001,tt11917048,0.9519312000000001,tt2382320,0.9219780222222222,tt0899070,0.896638,tt0052271,0.8804009,tt0052296,0.8796297900000001,tt0090185,0.8569742000000001,tt0103090,0.8569742000000001,tt0059803,0.8569742000000001,tt0835834,0.8569742000000001,tt0090173,0.8569742000000001,tt0467756,0.8569742000000001,tt0057058,0.8569742000000001,tt12706582,0.8569742000000001,tt5220078,0.8569742000000001,tt0138126,0.8569742000000001,tt6659936,0.8569742000000001,tt11610250,0.8329398000000002,tt0087118,0.8292900000000001,tt0174446,0.8245220000000001,tt0086442,0.8245220000000001,tt7869474,0.7932760000000002,tt0274472,0.6346208000000002
Sin tiempo para morir,tt2382320,0.9137466000000001,tt4799088,0.90889772
007 No Time to Die,tt2382320,0.8989103777777778,tt0075614,0.887551813625,tt0068444,0.8560817645000001,tt6132696,0.8560817645000001,tt13199028,0.812352425,tt10839440,0.7912928100000002,tt0103987,0.7839567500000001,tt14043988,0.7839567500000001,tt13437670,0.7737875000000001,tt10446150,0.770435,tt11388488,0.7581425,tt0086442,0.75479,tt9519334,0.74585,tt12492422,0.734675,tt0899070,0.7235,tt11859958,0.7193571000000001,tt12128172,0.6057744000000002,tt12116976,0.6057744000000002,tt11337276,0.5006400000000001,tt13272952,0.5006400000000001,tt12871566,0.5006400000000001
The Boss Baby: Family Business,tt6932874,0.9475649722222222,tt8111438,0.91611469875
Baby Boss 2 : une affaire de famille,tt6932874,0.9432107666666667
Ainbo: Hrdinka pralesa,tt6570098,0.9090565555555556
Ainbo,tt0098165,0.949787492,tt6570098,0.92499312,tt13488080,0.8717252,tt10795658,0.78161
Charlie's Angels (2020),tt5033998,0.9244722100998575,tt0160127,0.9123569010249253,tt0073972,0.8946763017007707,tt1760943,0.8946763017007707,tt14231514,0.78161,tt0305357,0.5539742168960655,tt0383915,0.5539742168960655,tt0074301,0.5036129244509686
Charlie's Angels,tt5033998,0.9579157580277778,tt0160127,0.9545260645312501,tt0305357,0.9479743035555556,tt0383915,0.9407875955555556,tt0073972,0.93315210375,tt0074301,0.9158675111111111,tt1760943,0.823710695
Godzilla: King of the Monsters,tt3741700,0.951164922513889,tt0197521,0.94798153753125,tt10893982,0.9433734378125,tt0390053,0.9315728505,tt10873922,0.9176521861111111,tt10873886,0.9176521861111111,tt13773580,0.9096181125,tt10873836,0.907004675,tt10873950,0.8815577777777778,tt10873872,0.8815577777777778,tt10893856,0.8815577777777778,tt10894262,0.8815577777777778,tt10405962,0.8586482,tt12930090,0.8585786666666667,tt0047034,0.8093776400000001,tt5247376,0.7684682
Godzilla II - King of the Monsters,tt3741700,0.9538502185277778,tt0197521,0.9060581525000001,tt0390053,0.9060581525000001,tt10893982,0.8691437750000001,tt13773580,0.8355852500000001,tt10405962,0.8355852500000001,tt11983210,0.8355852500000001,tt12930090,0.8050775,tt10427578,0.8050775,tt10893910,0.7953150200000001,tt10873950,0.7953150200000001,tt3910714,0.7684682,tt3923688,0.7684682,tt10422334,0.73244
POKÉMON Detective Pikachu,tt5884052,0.95619714040625,tt11011018,0.924430575,tt13033940,0.91611469875,tt10319290,0.901365375,tt10301162,0.9010133625000001,tt12930058,0.887284875,tt10328382,0.887284875,tt10413604,0.887284875,tt10318642,0.887284875
Pokémon: Detective Pikachu,tt5884052,0.95213160090625,tt13033940,0.93315210375,tt11011018,0.908204475,tt12930058,0.901365375,tt10328382,0.901365375,tt10301162,0.9010133625000001,tt10319290,0.887284875,tt10413604,0.887284875,tt10318642,0.887284875
Roger Waters - Concert,tt7300420,0.887284875
The Lion King,tt0110357,0.945169508,tt6105098,0.937352425,tt0120131,0.937352425,tt0318403,0.9283690400000001,tt0285019,0.9283690400000001,tt2099725,0.9283690400000001,tt0323073,0.9086616000000001,tt0234092,0.8569742000000001,tt4938602,0.8569742000000001,tt3916754,0.8569742000000001,tt13186482,0.854024,tt3529460,0.8245220000000001,tt0935520,0.7269292800000001,tt3903218,0.57216
The Lion King (2019),tt6105098,0.9145597268264395,tt11279422,0.8717252,tt11958780,0.8717252,tt0120131,0.8390536578594888,tt13814362,0.837932,tt10669544,0.837932,tt10939026,0.82184,tt0110357,0.8106828196876493,tt10746534,0.75096,tt12630448,0.7269292800000001,tt11237518,0.6923136000000001,tt10686632,0.6883800000000001,tt10515516,0.6883800000000001,tt0318403,0.6647690602752786,tt0285019,0.6647690602752786,tt2099725,0.6647690602752786,tt10667768,0.6608448,tt0323073,0.6345522848082205,tt0234092,0.5539742168960655,tt4938602,0.5539742168960655,tt3916754,0.5539742168960655,tt13186482,0.5493959175828748,tt0935520,0.5076418278465764,tt3529460,0.5036129244509686,tt3903218,0.3995606673329999
Zombieland 2,tt1156398,0.9729635664010974,tt1560220,0.9641473779183674,tt2090440,0.9612178352142857,tt9054354,0.9309229922,tt0080057,0.9268249282359375,tt2989692,0.9103780125000001,tt9352962,0.9010133625000001,tt1710900,0.8867220500000002,tt7575400,0.8748229100000001,tt0081027,0.8748229100000001,tt6878820,0.838277676275,tt12595414,0.837932,tt1799692,0.823710695,tt3501584,0.80752516025,tt12923866,0.7675295
Zombieland: Double Tap,tt1560220,0.9579157580277778,tt11255224,0.93315210375,tt12729080,0.93315210375,tt11153794,0.9165019125,tt11082738,0.90857325,tt12930314,0.901365375,tt13272376,0.901365375,tt12630288,0.901365375,tt11151232,0.8941574999999999
